,Base Infectivity,Circumcision Reduced Acquire,Infmrl Condoms Max,Infmrl Form Rate,Infrml Condom Mid,Infrml Condom Rate,Infrml Dur Het,Male To Female Old,Male To Female Young,Max Infmrl F LOW,Max Infmrl F MED,Max Infmrl M LOW,Max Infmrl M MED,Max Mrtl F ME,Max Mrtl M ME,Max Trns F LOW,Max Trns F MED,Max Trns M LOW,Max Trns M MED,Mrtl Condom Max,Mrtl Condom Mid,Mrtl Condom Rate,Mrtl Form Rate,Pr Ex Infmrl Fem LOW,Pr Ex Infmrl Fem MED,Pr Ex Infmrl Male LOW,Pr Ex Infmrl Male MED,Pr Ex Trns Fem LOW,Pr Ex Trns Fem MED,Pr Ex Trns Male LOW,Pr Ex Trns Male MED,Risk Assortivity,SeedYr HIGH,Sexual Debut Age Female Weibull Heterogeneity,Sexual Debut Age Female Weibull Scale,Sexual Debut Age Male Weibull Heterogeneity,Sexual Debut Age Male Weibull Scale,Swaziland: LOW Risk,Trns Condom Max,Trns Condom Mid,Trns Condom Rate,Trns Form Rate,iteration_number,likelihood,run_number,sim_id
0,0.002674736481148639,0.5436947358283619,0.43016720730171526,0.00248464492756502,1993.4760112017398,3.344062130451893,0.7240970960563244,1.0981844985729983,5.206471351654802,1.964812277202641,0.9032857280127202,1.8138564899758123,1.0620678292008503,1.2327201351379977,1.06327943258763,1.3028669831881323,2.885653637728316,1.7534323452897216,3.1306380816321306,0.09829565746161135,2001.4177358807437,1.0439101574454945,0.001,0.016303801154648682,0.36801230902224796,0.46174250435486974,0.549691782497146,0.23048800412638323,0.7949420263178529,0.35271957916326113,0.8,0.6328807318603575,1989.347307052942,0.11901753941447497,14.18173275396965,0.0740493718026145,20.113810711955228,0.82,0.42699656636654615,1999.5598521200968,2.08133670409602,0.0003447344544679386,15,88.48967422704327,33200,Simulation_R58YFV68
1,0.0028160718918603285,0.5661229433809947,0.43009431192009157,0.0023434465292499454,1993.118746201857,3.197323618954974,0.7356385839581123,1.3729879357069055,5.415770718394501,1.8931029178558092,0.9668248000855025,1.7827140249494593,1.0870260584558686,1.0814271530108217,1.1269506355316459,1.2704447786541917,2.8375935018194314,1.7927584507769563,3.2294797825519495,0.06957540988321477,2000.97181290737,1.0,0.000978291961334598,0.0489300423871198,0.4082754116540238,0.49924012317610467,0.4549026547003342,0.24359904918343206,0.779593482202313,0.35332754871686695,0.7800996076695594,0.6751133682789494,1990.0,0.1510489404661769,14.0,0.07910917114340688,20.553575024477613,0.8130478558407398,0.36358471455720526,1998.9315273750506,1.9724223761597028,0.000341665170718033,13,88.45050318562066,56620,Simulation_8XVN8X9E
2,0.0028101290698081057,0.5744032621162943,0.3988668154001739,0.002345117842967714,1993.2720091545505,3.152851295136931,0.6997727660623557,1.0,5.189424671611937,1.8120976637875597,0.9479654399572865,1.7342316925883352,1.1334575086135295,1.1252295420598004,1.0708269625625904,1.189739539815806,2.759626956351917,1.750710494693089,3.0158365366224245,0.07429119420057828,2000.5507220717202,1.1160144186511871,0.0009407371305856753,0.09641357588121985,0.3921756090238741,0.4924582976988644,0.45727216277243327,0.23789528908517477,0.7931308171656481,0.375457940273056,0.8,0.6790749513581543,1990.0,0.13508856885560452,14.0,0.08580230665840316,21.0,0.82,0.31568866839455656,1999.647239788206,2.0312936508034327,0.0004052171056932196,12,88.44182927148894,36077,Simulation_2YDPH5LW
3,0.0026982800990290826,0.5581245509721162,0.4401342495383364,0.0025521406249277914,1993.0658533731246,3.2379376178265646,0.7740801218555362,1.4440235535656039,5.091407489985384,1.905190967358976,0.9117798596329656,1.7651003444112021,1.0480666301253023,1.1995161877694285,1.1384697091594334,1.2878681583576197,2.8361451576180152,1.732044886802144,3.088464684187442,0.0683357257685754,2001.6372234909484,1.0,0.001,0.037171929741431006,0.34944925852071235,0.4987299550644098,0.5067394279726005,0.23430845634826836,0.7612591490489703,0.34627643388967627,0.7819035720097851,0.6849349882009417,1989.5565876586118,0.13108082117667005,14.0,0.07717133324645756,20.063106937892996,0.8165323330058316,0.37487787205260226,1998.9881789866781,1.9962207243115935,0.0003172313587833032,14,88.423080211257,62300,Simulation_I7A3P4VW
4,0.002758333885100404,0.5556910178127269,0.43914365716180753,0.002590228261471273,1992.942249130134,3.1879024580435864,0.7638984458083473,1.1958671653846125,4.778698969447214,1.9565861677128953,0.9655783101396402,1.6996338148078554,1.0827734213443223,1.1437269098167804,1.1572974332954302,1.2531431085960214,2.65596626994056,1.686451063075847,2.93784183981227,0.08107101222548402,2001.6562943733227,1.2328005932371258,0.001,0.004890110439657008,0.3477199143482353,0.48863935016782456,0.5473865312709973,0.22594894803449336,0.8246004165845626,0.36866849165107846,0.783150644573559,0.7280569145048219,1989.628751353802,0.15085715641864517,14.42255335062162,0.08189672494476494,20.449234630814587,0.8030405906679414,0.31340265791439575,1998.9646315226607,2.0108499153544206,0.00032372116521926076,15,88.38053791744412,44403,Simulation_6F9B2Y2K
5,0.0026631796703651366,0.6117262421025706,0.43023105595504946,0.002492390515313327,1992.7351041125225,3.150543336416297,0.8067112404633068,1.3409300481837474,5.192751598310208,1.976091347199262,0.8644042205508027,1.8822209931199427,0.8658333306624226,1.2174103816971305,1.1917748354188353,1.2075876130135683,2.902574956939742,1.7498219619452222,3.123401102000186,0.05965221556548737,2001.2458332818148,1.2075809807074724,0.001,0.06429187814653445,0.3788606227168255,0.5109611156658052,0.5203057848192829,0.23812949790185517,0.8415766789838479,0.36503167069600406,0.8,0.7420579351937899,1988.4473142686018,0.11164373600768154,14.053656676948538,0.06834841294696299,20.618493434592608,0.82,0.38055821301667114,2000.0,1.9887840024624666,0.00035241478126738407,15,88.35743338600564,21010,Simulation_3O965UHV
6,0.0026637720099811236,0.5629932891337227,0.4723171016236699,0.002350591759480403,1992.866222523339,3.355254335206426,0.7493710425452594,1.2538953549816263,5.242398501392643,1.9305122780469903,0.9323456971315934,1.769063683675898,1.1151635374068243,1.3413561059548778,1.1055223134528864,1.3460733196399632,2.8861519321922664,1.7119541726629537,3.2412485881382556,0.05650425571405316,2001.9125985488183,1.176126868208529,0.001,0.044067708126810844,0.3273020745391987,0.49419757050797464,0.4673012372355812,0.25,0.7612644145746466,0.32927958616189723,0.7962276298798573,0.7225899598635931,1988.8875902869536,0.11959431879886785,14.017352468957775,0.08287800779449365,19.917567803009636,0.82,0.33794553242515124,1999.4532041850587,2.186952603940717,0.00035421651342061405,15,88.34517078198873,1939,Simulation_Y3B1I73Z
7,0.00278028516519606,0.5162007865843633,0.42832773420524123,0.0023166694120342482,1993.2107666781114,2.965641281068163,0.6729032051860571,1.0,5.1398344456520695,1.8464672383281084,0.8479405565621625,1.7653083312658615,1.1480106919976876,1.007731502670071,1.2222523172714117,1.263876107022556,2.708786457063246,1.7751869202668662,2.9504151518388317,0.06046637130176942,2001.480350754123,1.1070576334750093,0.0009073684017102238,0.09844635804858144,0.40085609640219916,0.4913349621557606,0.48469623676710716,0.24856527796890449,0.8456702957388788,0.3723746250967472,0.7396054832086336,0.661110019046288,1990.0,0.11926030180519653,14.0,0.08023472916699048,21.0,0.82,0.30568917251315403,1999.6366925555947,2.0142566507146773,0.0003392332070145906,13,88.33913913951257,33506,Simulation_61A5KC3E
8,0.002851024450435554,0.5631394837717631,0.4427693659427929,0.0022253405334484184,1993.2524566904392,3.1695818980990884,0.730122603538742,1.2112699092426822,5.612828122651518,1.920885369516507,0.9354056210261508,1.814917846228777,1.0390888468654687,1.0484990883911631,1.1850864768569775,1.2699817460532627,2.8748647961848777,1.8379078502319564,3.29854671026071,0.07017060905040877,2001.195318439487,1.0041760104986417,0.0009415271267628076,0.025125460057738296,0.36711763026657107,0.5088934989398494,0.4167754293557149,0.23621036692972475,0.7634360967100587,0.32493491526944784,0.75322617657723,0.6998794886159182,1989.6067212831322,0.1769656852749183,14.065368516213981,0.08145182183299539,20.932928407458213,0.8121832455086172,0.32721609019781056,1999.0579489604058,2.1975965555889796,0.000399671868934464,14,88.33513651998436,8434,Simulation_H9VLPLWG
9,0.0029472343241806137,0.5431914846625907,0.4282113555519993,0.002215057064437934,1993.0692313740915,3.166653042486805,0.6313142258746764,1.0,5.229039050209732,1.7284464705239484,0.8115175681886452,1.7107403542878228,1.099191059601035,1.1345558439363888,1.0856514326801876,1.1128602010320934,2.8230327351880935,1.6417329811511598,3.0853132736243456,0.05710552297866861,2000.4522141286068,1.0945413083005855,0.000972609616054603,0.10350568638713924,0.4108730855138623,0.4653670726412242,0.46166168697946075,0.2314338799643681,0.7855199600839381,0.41847055106721165,0.8,0.6863933357470247,1988.4326824740265,0.12314716437566024,14.0,0.09501516538564636,21.0,0.82,0.3412248442428654,2000.0,1.8848167908022844,0.0003341187279391074,13,88.32372701018919,37945,Simulation_ALYHFM19
10,0.0027376041688068086,0.5527072290083945,0.37072401779982433,0.0018317478068039816,1992.3242078525907,3.07211493086708,0.6967806023514656,1.1625695274825376,5.316122592979692,1.8769987822971401,0.9609615902154177,1.7531992457807997,1.0095645267984454,1.2761312617382494,0.9684799237134223,1.0484915599684048,2.6121471882778944,1.7123536811590985,3.2416678212487255,0.09749705410850569,1999.6924919911175,1.0,0.0009234550597235617,0.05947105011455791,0.338546771928098,0.5518044405167453,0.4582035314318336,0.24180898144685395,0.7504214374170946,0.35300661082702395,0.7456413434409974,0.7131939060951504,1990.0,0.11827574437667258,14.0,0.09193738169604797,20.43311846396887,0.7899839696845978,0.3050171722133679,1999.4390241550075,2.227654130315694,0.00029137055171388334,12,88.32340429361244,61080,Simulation_0Y232CEZ
11,0.002725100955080174,0.5373711905445708,0.4305405913943056,0.0023742512138116806,1993.3706658484482,3.0748351891814405,0.7484005580909328,1.4137961132821617,5.683251426256789,1.8729903769734537,0.9954983038337125,1.8391935800911903,0.9540751277335765,1.1615908440865241,1.0303742858313925,1.4186282551257179,2.8596690642869347,1.820185943768705,3.307721188007476,0.11411626687633501,2000.9145837832755,1.0,0.0009799853318934139,0.03179016712289585,0.4237764614955938,0.4942890879971732,0.4742135242233461,0.25,0.7875321119004982,0.34352257294125377,0.7648348593739972,0.7011245368318001,1989.703840658985,0.14646491570859818,14.0,0.0846505133667758,20.62669313914972,0.8190051515275178,0.3415517902508987,1999.398427452248,1.7603925287828308,0.0003410762134520841,14,88.30587510649394,14345,Simulation_UOWTW1BT
12,0.0028987707472991255,0.579329919152355,0.41218799202285616,0.0024826770294479883,1993.9191693062521,3.2782306936878522,0.7412570860989516,1.2386583874039425,5.730185706662152,1.8575459118994317,0.9468245083521192,1.7909443583437306,1.135326908834045,1.1073800848088158,1.1661255214922157,1.3506605423036375,2.8754450894091272,1.7344845695016324,3.2152196703954474,0.09239267826981629,2000.596917825653,1.0,0.001,0.05528017317884206,0.38690700320608873,0.5121155605080968,0.4320783299855814,0.23055385736949416,0.7841259758157414,0.3302238141498942,0.7301310053281496,0.7011383750700529,1988.4770479302554,0.14577762373113717,14.0,0.07823688492381198,20.798706065744874,0.8070456810935274,0.3846971220866663,1998.8197131397706,2.22355173257381,0.00024772746030644183,14,88.30510555124198,14585,Simulation_0YDBF38X
13,0.00290340560173815,0.6124986690492353,0.3897460603851926,0.0024604600715657787,1994.221159395681,3.2739043702042525,0.6326658508924694,1.0353655455197828,5.4305002279546954,1.8574106995427329,0.8986203824619333,1.7588515787631525,1.001749899471997,1.158824359932918,1.022541682645056,1.1240987594800964,2.869784845921254,1.741255126807974,3.2096033295553714,0.08708631303829428,1999.1014195098144,1.2351757757383812,0.0009623562682568665,0.059043859039784805,0.3590867245117929,0.4181148150322699,0.4457832173963875,0.25,0.7940323280463351,0.37248170871136355,0.765169468393297,0.7061876876447032,1989.1267635003476,0.1086941241733477,14.0,0.09082767666176167,21.0,0.8016971347157023,0.24194541204089076,1998.937399025619,2.3491513418297725,0.000297934052615129,12,88.30471420190744,13916,Simulation_5B5XEPCS
14,0.0027677555600895782,0.5259825980150019,0.4050063243605481,0.0022418394496851474,1992.4493219772144,3.094576824828086,0.706398411813673,1.243889673843827,5.396950195844081,1.9013536250023493,0.8807308142054675,1.6986445861906365,1.0307501480311978,1.1573519609205474,1.1774202213964258,1.2240260380562162,2.9829423599185962,1.6660565601631614,3.0360715733045387,0.10219075975076802,1999.017055115088,1.0941897086711379,0.0008737658124022794,0.10505342998396013,0.37849744381052164,0.4561817157599295,0.4688588110410633,0.21672034688166822,0.7924005912097714,0.38068650103892754,0.6933754041203707,0.7777770012170365,1990.0,0.15267763798213974,14.0,0.1141662450106566,21.0,0.7945898704746823,0.2911601240766083,2000.0,2.089442071410638,0.0002864259041329414,10,88.30013122074334,17006,Simulation_T55D22ER
15,0.00262073579958689,0.5650251924580267,0.4111498364783552,0.002256661736193915,1992.3738266762878,3.1841024055127183,0.8321668539495886,1.6694245463741724,5.490405041426782,1.976708775031795,0.9302063968802169,1.6153710277548248,0.9653749431247965,1.1974351193212576,1.018637744039794,1.1871368990160565,3.086500321002201,1.6469363506332297,2.87428465079877,0.1351337295320468,2000.482876683474,1.0,0.0008259435464205074,0.09580542945542211,0.37567275986895876,0.4304628648927155,0.46162301835247166,0.20028401662025655,0.7429717222128324,0.3496855139282696,0.7109318497583371,0.8156023981123162,1989.5220248745013,0.1750182465744451,14.10421149842073,0.1018053924704393,20.896935333820288,0.7405148691044516,0.3307838511175476,2000.0,2.483728126531145,0.0003494009565213074,10,88.29763144092917,1614,Simulation_681E4BV1
16,0.002786705362754094,0.5619717269336238,0.3858465969883906,0.0024746606820418788,1993.1985335234915,3.107814401386115,0.6898552157799261,1.029950795228927,5.48514415172246,1.8464471053423086,0.9065999998789167,1.7578244786353567,1.055491857019615,1.2004936416313121,1.0746035534565164,1.1452731388301454,2.764313602882431,1.7403966947014553,3.124080279583739,0.08440658640734762,1999.3926411945165,1.193036557075422,0.0009134548528335808,0.07735828421606847,0.3553642566144307,0.4809103863308138,0.4659145593450027,0.2483298880897978,0.7619422623946775,0.367518288021486,0.7424530810731352,0.7203307375970206,1990.0,0.13050802042249252,14.0,0.09175920953518951,20.97195257111702,0.8108760671723053,0.2769874105975028,1999.5760442586677,2.2203270703800233,0.00036956107848073983,11,88.28933272820919,26215,Simulation_Q80GIRD7
17,0.002859261925662773,0.5314577529637772,0.3657642719214009,0.002686957707376358,1993.9912433913,3.1199598135381654,0.7074728577579225,1.0,4.994189233804075,1.8221528234105098,0.957193196077384,1.6922228988972714,1.0497237666451384,1.0430116926875646,1.147809324327004,1.1914656698841615,2.8696697999973706,1.6960263095795765,2.8646490307676644,0.06067330275234681,1999.839808775005,1.4021348604139363,0.0009689524408375415,0.06660744810933225,0.37456059348246845,0.47881157615890113,0.3879056283566005,0.25,0.8112419788946514,0.3744404532484972,0.75512218666937,0.6645548043355277,1990.0,0.12289619114769129,14.662491487647772,0.08381917748419696,21.0,0.82,0.22661164687251018,1998.6244984181099,2.0346652780978425,0.00040456735097497683,13,88.28641777891778,32783,Simulation_2BMOA5AA
18,0.0028364622942274116,0.5739567184615837,0.3965394403548679,0.0023236876803272013,1993.3403945712419,3.215394029607534,0.7090827567737515,1.0435839328991132,5.646899031962317,1.9298903195917527,0.8443809860408561,1.7625546688574152,1.0328979477109594,1.2831834231730601,0.9993613749603976,1.1642597174291154,2.7603319081283977,1.6435850200629742,3.1069668643009924,0.08679829095971837,2000.9278866637176,1.0,0.0009297560092491586,0.06019923367758734,0.3377410514011109,0.4927201671858817,0.41338770785890344,0.25,0.7069964066069373,0.326189272801505,0.6860053973751544,0.7487392885878736,1988.827366095303,0.1,14.0,0.07892720430585304,21.0,0.8117780785561937,0.3421685128769386,1999.3834971783938,2.239474134880987,0.000426576894433451,12,88.27340901551399,9959,Simulation_28DGG7HO
19,0.0028924644310707433,0.5933169061913648,0.39398777566756443,0.0024984442436586027,1993.137232166632,3.2044986365106563,0.715991057408056,1.1428758552283909,5.060287833436789,1.7697407396072766,0.8671243361011054,1.7030067783716305,1.1157130221420417,1.0207303242552588,1.1195362040162236,1.2682217879855695,3.0641226958670043,1.683223761712046,2.867046035501858,0.05091656605231207,2000.768904548994,1.2859123925328764,0.000999297205526861,0.1024931867225342,0.34699553168161573,0.4665087180044414,0.4516229460250053,0.23480804789897872,0.833313671457499,0.3698714322187333,0.8,0.7016095654132468,1989.7156050923406,0.14480614772220013,14.042695999950165,0.08635567849285439,21.0,0.82,0.2299802503912407,2000.0,2.097309968068456,0.0003710671983140333,13,88.2632625893095,35439,Simulation_RVNFGG25
20,0.002805303929565808,0.6085030842853423,0.41916589630746215,0.002126671472534474,1993.1364249201995,3.1856323866201794,0.6293942170403124,1.1883763829873573,5.0768773808786,1.9023250068168196,0.8980683757435948,1.7683474722110564,1.142303336779277,1.1327434331723123,1.1677199366643907,1.3035908535846414,2.628466086134119,1.62517787807465,3.062902050564865,0.06695831152583598,2001.767694056872,1.0,0.0009254457719932538,0.12485033763686758,0.44075931694433185,0.5181959003260596,0.4013201694754574,0.22740071762326572,0.7754855570083218,0.35956789013027834,0.7719895750425669,0.6809814564797395,1989.6798752691045,0.15030204802503988,14.188044934624383,0.08998415349048908,21.0,0.82,0.3584740544073796,1999.4216970072391,2.096317264594011,0.00037229545276295714,13,88.2514033476956,22844,Simulation_OQ4AALTZ
21,0.0026799828576457656,0.5630915572402998,0.4342605965395451,0.00256072471466853,1993.0093353013165,3.1193020319406166,0.7529972400266844,1.4888340790779047,5.163496953667367,1.9537666136614378,0.8133425781906543,1.7477123902649363,1.0986080986714137,1.1915424239265757,1.089711837172801,1.181570693800924,2.933968999297554,1.8148529288195563,3.0085513385958422,0.084109482178493,2001.0979938363287,1.0333232734229953,0.0009463986481164862,0.0,0.3547102615042665,0.49232502587019206,0.5612511562886536,0.23274224695170315,0.6975007826621133,0.3943847480635361,0.8,0.6718249674362547,1989.5208191836687,0.10521201458188402,14.027915597026436,0.06893876400397199,20.187411908240755,0.82,0.4309015186122307,1999.2177652721534,1.9478655364073643,0.0003391362093016099,15,88.24499944383268,6317,Simulation_KJSTITXK
22,0.0027758549901297103,0.559288493786373,0.42155979014170686,0.0025985825530475404,1992.5404480692666,3.2979130866301385,0.7060090681140827,1.2954193436668326,5.2526263550712535,1.8261226828155428,0.92417690036898,1.8409830649528762,1.0707390194671134,0.9976495306511988,1.1677198661517174,1.2297180923026318,2.73603725059656,1.756339980186073,3.1635181661229983,0.08557004358043158,2001.3166395312985,1.2504545414983965,0.0009260866265133948,0.072390616390183,0.4260660019757608,0.5033422914369702,0.4297982578322705,0.25,0.8005201411148475,0.3600547501856633,0.7612482210325648,0.7464697303010954,1989.1907082134014,0.16282875449722037,14.0,0.09543247823594965,20.656487536566512,0.82,0.2937238590388838,2000.0,2.0084181135612034,0.00024715792273539083,14,88.23572971211368,11200,Simulation_4RGV51HT
23,0.00285865329509955,0.5458994054070955,0.44757315872143766,0.002155424491638102,1993.3160955278272,3.1939241218936205,0.6735851948244077,1.2944874822509678,5.3646478217171385,1.8359046195800788,0.9766714971803244,1.7808429194698374,1.1598685955203547,1.0519565462046443,1.0649788801604885,1.3484594582102694,2.771888759009543,1.8746527937256912,3.1203203706626823,0.055405283389089836,2002.357516372986,1.0,0.001,0.03685755698325249,0.4361315921250606,0.5265006689358304,0.4569271830195024,0.25,0.7911308057886796,0.3513115995541451,0.769284610931094,0.6466178284416939,1990.0,0.16693756470407,14.0,0.08636375993162451,20.34123149615444,0.8188741904178848,0.3239767254882703,1997.3112755224568,1.8453005103668327,0.0003306038147848048,14,88.22841198332644,65078,Simulation_0758ISTD
24,0.002796116446266194,0.5616461618041828,0.4342614530104347,0.0024681614422949185,1993.5336268090193,3.191682602273917,0.7558495133319866,1.5809024481608493,5.630850267869336,1.9327019702725283,0.8785765618508188,1.7927425546535194,1.0623931278650238,1.0472580516720384,1.2329209944656128,1.3898323225445854,2.763016573821138,1.7814167249623776,3.093780540678556,0.07575318535678019,2000.7822328915354,1.0,0.001,0.0,0.40617705628560086,0.468798029674305,0.44596448952437323,0.22992994553939725,0.745054273598219,0.36541991045436584,0.8,0.6327449140328959,1989.7684228892429,0.15712213072754289,14.010791525919759,0.07208735111100052,20.397180438317175,0.807323202781146,0.38165994236091505,1999.4335667620328,2.2952551129995764,0.0003246943022841477,14,88.22738561213033,63724,Simulation_04FBZHU3
25,0.0027370457339485448,0.5523028793718424,0.4161569734756808,0.0020231718306990116,1992.3292115338147,3.2027889907478704,0.7741491577859662,1.5041928623112693,5.119442699799927,1.9245064548148265,1.0328646802532038,1.779705360856849,1.0452739962617759,1.011045279106631,1.061875603029688,1.3888903105701682,2.9130996859651193,1.7815447951426722,3.125095785732904,0.0929728693138269,2000.3287887085648,1.0723985340299431,0.0008853355938125125,0.04609148556974334,0.4046828988892216,0.5034014242678625,0.44742470414593943,0.21943330542910794,0.8013218325758842,0.375346871840576,0.8,0.6562694620632856,1990.0,0.16931869851795633,14.0,0.08196214384216988,20.543954587205043,0.82,0.42928971537406385,1999.763200750587,1.910753700098566,0.00036912421000952276,14,88.2271806026335,6106,Simulation_1M2R7LUK
26,0.0027406145695312405,0.5538250530501363,0.41044636286451774,0.002288087798672745,1992.3468473264134,3.1427312434248806,0.7154448951828994,1.2499891769623623,5.308624864253323,1.835575470025719,1.028174800349974,1.6015088829447641,1.0822737835339573,1.2331525300496566,1.006575085850623,1.128929086734379,2.75113835254237,1.7606637771554887,3.0584871785871,0.0865073170596175,1999.0471645620894,1.058373170263736,0.001,0.11929233863193026,0.3640896767308597,0.46037869154523503,0.4790599049108507,0.24577792960884853,0.7796115058347666,0.37395854562474534,0.786379937280346,0.6569224730988301,1990.0,0.15111959761360075,14.007004547444652,0.07944893123559818,20.533214566256422,0.818472095509921,0.3579052579014858,1998.7894555443622,1.5989611581925256,0.0003262825784735781,13,88.22400038724298,48366,Simulation_1LDZQ8AE
27,0.002646819352215552,0.5584929600105258,0.41591959881944957,0.002622472715933927,1992.2564772322846,3.031645264557627,0.7522600641280464,1.3255393452469686,5.565746163828951,1.9555709075691796,1.0120004914953578,1.5326700849688786,0.8637276212274095,1.1117585918128365,1.0000957292425556,1.1669801477591901,3.113305274332852,1.6619114955127046,2.888026716539269,0.09376787084369877,1998.7046304770913,1.0,0.0008931864459041531,0.10174040504388357,0.39423305520564,0.46011449695220696,0.5522845820903095,0.2309672114233528,0.7479034436445772,0.3410866323910913,0.6807735913841635,0.7226064292419163,1989.9672627451648,0.1931418634226671,14.246779051354121,0.10620162909686498,21.0,0.7492020750508708,0.26848335113552474,1998.6596174796744,2.0413516570548924,0.00031640099738144555,10,88.20867127524986,27652,Simulation_I2GWDJFF
28,0.002645513796873412,0.5560523347357088,0.42461588630133007,0.001759677316850341,1992.7929363930718,3.102649718730824,0.6978924619551806,1.3574551137353237,5.19752044951928,1.7948577444323328,0.9576355065786286,1.5057851776546964,1.0283383143394647,1.1598075137343016,0.9,1.4146531609301256,2.9234802353708784,1.5731372988770056,2.967578848948744,0.1,1999.811186227515,1.5029046741830567,0.0007878921379733206,0.11334121957383345,0.37454003400894337,0.5055670608494995,0.4942727601268821,0.1964424442179482,0.7576177755894762,0.3389498872455122,0.7418769357594973,0.7172627613978839,1988.4497965809605,0.11656346079493118,14.258074962309962,0.07916111259138071,20.317711559260577,0.7831123292904629,0.3857044929697815,1998.4827787230167,2.0780569511435725,0.0004070300117868086,7,88.20729611574261,39135,Simulation_4MCCXBZ8
29,0.0028627164962288774,0.6113684628907197,0.41442085501840126,0.0020602059955142993,1993.7001365553429,3.173969908751207,0.713534803502372,1.3039923394218285,5.374752089287046,1.8568533001751109,0.8886252924749158,1.8044634683689889,1.149220988208505,1.2058264390056173,1.054488968916249,1.1776479850931725,2.784574744904059,1.6569321004753157,3.2394838522542213,0.08434970516606077,2000.4452032866138,1.0,0.001,0.04989589037899145,0.412093824674252,0.561257900660223,0.4348011435366435,0.22114767305895042,0.7804414190336963,0.3644738390443923,0.8,0.658985290701239,1990.0,0.14652308718158746,14.227014654406588,0.08280773050966468,20.83105702085157,0.82,0.40339164902268737,1999.2679879350567,2.1444840469997737,0.0003411440053510743,14,88.20201803660443,46936,Simulation_AXXEC6YR
30,0.0027192051951931023,0.5571271227173928,0.41082710005997763,0.002647484964339891,1993.433384865179,3.0484141476388804,0.6937205176151562,1.1107436436901716,5.246021650404748,1.8631621998279697,0.8204192614123863,1.7623404757917898,1.1481087343497678,1.1146360467067205,1.0935048594645906,1.1587196257418513,2.7931523439859323,1.7875569624977397,3.0164795920019984,0.0952391003755608,2000.4909950632943,1.2038289805430065,0.0008858999501246238,0.05821872379711143,0.39158773239385186,0.4860128016377855,0.46315769634929943,0.25,0.7065804664490596,0.3419556451203066,0.8,0.762209793570876,1989.515353151973,0.1,14.0,0.08731548141955914,21.0,0.8127154991042648,0.31681511294178005,2000.0,2.0129539713943214,0.0003874796991192445,13,88.19467391397586,58215,Simulation_VKXZVJC0
31,0.002754075505645693,0.5851668685906288,0.4054820262262035,0.0023981199428807676,1992.8845153001746,3.055484798504449,0.698855669766174,1.0,5.360727112441382,1.8293224232136074,0.956646615643206,1.6500713970468421,1.0497967733029823,1.1160546005178529,1.1046671776081738,1.18720759233996,2.763645530035562,1.633018940072649,2.788803839136947,0.05,2001.6327437442858,1.0433847032918455,0.0009671444586726039,0.07855966052567553,0.3833924977987987,0.4636224609512667,0.46750433427560845,0.25,0.856502923408051,0.3705881751276089,0.8,0.7361654919855265,1989.8066237789674,0.10378437386945631,14.0,0.07612781426399504,21.0,0.82,0.2794816601696951,1998.6838515142224,1.8477527424267288,0.00036884856838401175,13,88.19384075588256,319,Simulation_DTQLU9KV
32,0.0027165260507221512,0.5375265764821031,0.4595144368320349,0.002612630385265781,1992.5501980149627,3.2161854343726795,0.6430199403500122,1.3393949387104815,4.996184728962575,1.874638188739535,0.9199395842634231,1.7183644278322363,1.1614361756639187,1.0993212031511175,1.1049506707636112,1.3359862385882788,2.757995100219357,1.6625459964056082,3.1833609950279613,0.05958388635614785,2002.3175176225736,1.0,0.001,0.016027844154485105,0.35521235030995385,0.5194778827737674,0.5098337321574616,0.25,0.828098503291982,0.36213755499898304,0.7518511192034655,0.6680344136545497,1989.9384986591729,0.1451530859160959,14.0,0.06064695400020275,20.124947009090977,0.8004686606196452,0.3314797440968714,1999.113860638091,1.9452705558530272,0.0003221242464570932,15,88.19190312179255,15492,Simulation_FRK0YJP0
33,0.0028469287494457176,0.5942390359346251,0.45190941411470376,0.0020395534323014433,1993.3747619959731,3.1663908747914142,0.7314089780748416,1.4764742976708636,5.240592211998409,1.8107186997162068,0.8360831702833122,1.8131726863923487,1.1352265162922517,1.083780166052967,1.0186370640340885,1.2268397287089965,2.7800421210920514,1.779733656868263,3.156354654059282,0.06174512954114426,2001.50845599344,1.1160141658658118,0.0009533225989375125,0.049015521206717504,0.3956834214174058,0.5363068431091299,0.4976464358731698,0.22873783619028096,0.8052897778550007,0.3275426308027022,0.7232755482008639,0.6820225779788203,1989.759467182247,0.13864648311599434,14.0,0.07205308596060336,20.79978089016397,0.7971887303121247,0.3026994309437387,1999.277260509253,2.0250671850986395,0.00036463871396063565,14,88.18946389300099,1509,Simulation_HHI98B1E
34,0.0025357289251289267,0.5392728795297667,0.4278312705400597,0.0017759313782690445,1992.0814323572124,3.11529067221656,0.6986500469876537,1.7003355548077757,5.485136935193711,1.6793604378648288,0.9248354302261862,1.5672873921220785,0.9,1.0867465694937783,0.9,1.4094758764458055,3.0,1.556101575633642,3.0,0.1,2000.6307367954191,2.274191040894934,0.0008259229975097104,0.11649054581604937,0.43153894421563244,0.5183402691724802,0.44471870234045957,0.18917419182040363,0.8,0.4006031909237745,0.7325226063967837,0.6944862963204259,1988.894747027005,0.15673154599347983,14.433558645350443,0.09227769812251524,20.641209493035117,0.7896917318449246,0.35287742982617926,1998.4787792503191,2.4361572354924874,0.0003774884817002611,7,88.18926669429491,58518,Simulation_QP1MUKNU
35,0.002864259300494297,0.5127203610939682,0.4640176540870393,0.0028202325650274074,1992.8982921079692,3.2214846526649596,0.7815466411504287,1.3405073826453826,5.0878146023840225,1.90957686176427,0.8303982674305652,1.7758492965170094,0.9970006997787048,1.2558867145885257,1.0554842300664764,1.1382820365813608,2.696741863079717,1.7004848424156973,3.183672957048559,0.05,2002.094147531989,1.0,0.0009565703483647282,0.01664417859787829,0.3876580404672586,0.463362081942881,0.5170454226624118,0.25,0.8227659306936833,0.40190801201679005,0.7836420725779272,0.6678572057392586,1989.383282777296,0.17699300608002355,14.24190064311606,0.0694448672901758,20.15935981922918,0.8199604040091403,0.3645242544552558,1999.384790334073,2.057329454521458,0.0003036166928380101,15,88.18555048672596,58664,Simulation_HH6ZV4F7
36,0.0027283737616961103,0.5686937355162893,0.39891457981730855,0.002383428319920486,1993.107760540348,3.0948947530203803,0.7195149047647444,1.0,5.478919029033369,1.8192667744372755,0.9596541682846123,1.795722899059936,1.2238931546711522,1.1739121493761984,1.01203936776389,1.2060407091179846,2.6795006444179634,1.8085073719462461,3.0710155495665075,0.06682080625841602,2000.1909344550531,1.2007510903643621,0.0009054555345004279,0.10732290871236878,0.4413818833366513,0.49910823978942076,0.4837767112880649,0.21997569987646604,0.7629863364024382,0.37402179010011416,0.7546776716386248,0.6488860690284319,1989.139036473921,0.14787196605963931,14.16000989015113,0.08834563515406463,21.0,0.82,0.3239757031751589,1999.8461600596913,1.9576412727977806,0.0002541427216419525,13,88.18422185736995,55686,Simulation_DE4U8GQ8
37,0.002763296870804366,0.5821844685220106,0.4053934443091556,0.0026054613467968546,1992.6666446480415,3.1381129585298626,0.7307015465130996,1.3446525311696949,5.38682835553121,1.9105550502737256,0.9713026798896054,1.9,1.0956184128368638,1.151565006764715,1.179446815913481,1.1956536826363402,2.7653923069610835,1.8273608656490987,3.1529038328549825,0.06629006069464344,1999.564212419652,1.0,0.0009969166922931588,0.03206914952531867,0.4514281638464109,0.5195678388837345,0.4722152662782899,0.25,0.8155481145154858,0.3229641676607958,0.7822655483383847,0.708635518980615,1990.0,0.14984933543067552,14.0,0.06597898286422516,21.0,0.82,0.3667930098282607,1998.328257767209,1.8844565461453238,0.0003333643644936797,14,88.18354642439648,32622,Simulation_VL6FDJ3J
38,0.002851220442065716,0.5734071274990642,0.40716100692951224,0.0022928855708877214,1992.9423944020941,3.0702392039370237,0.6882177151464248,1.2277847691503248,5.329090725364869,1.7560358348973897,0.9337109881812182,1.88311140618446,1.2551107451758965,1.1600431988325897,1.1116590495205576,1.3197255387132305,2.8229253374772427,1.717653256080725,3.0739912929488047,0.06560859327401788,2002.0600697914838,1.0,0.001,0.06740124696828809,0.39681384863513225,0.5398651779500204,0.4097978607192764,0.23905804259537847,0.8085339683684362,0.38402216242283876,0.8,0.7308714980373803,1990.0,0.11590896794784414,14.12513513414331,0.07639813304338886,20.81918073367629,0.8168612270533309,0.33086240965586716,1998.98524032899,2.23284825565114,0.0003062847540118427,13,88.17807993420202,235,Simulation_CFICC7PS
39,0.0026469636470501413,0.589653541791078,0.43422943615180676,0.0025053805467445756,1993.3904362992018,3.4147848223045796,0.7867000493436763,1.1089274200141148,5.383218699793554,1.8851786470207441,1.0058741672399905,1.8476492823314348,1.086286747092238,0.9983464172202583,1.2195058430520869,1.3423296490186705,2.8095690298411804,1.789392641749926,3.16523151022585,0.08727614485503946,2000.513493022549,1.0,0.001,0.0438187552174944,0.38925118294194705,0.4226699923370716,0.4274306757808399,0.23837332874762432,0.746380823089121,0.3340291771247926,0.7794339300589619,0.6820369337496945,1990.0,0.1263204102893821,14.0,0.08527039944166258,20.93679207455652,0.8180420517900814,0.30672449711881355,1998.8980302898192,1.819208043944623,0.0003928231791225806,14,88.17589980049156,52513,Simulation_RDO69WU6
40,0.002680972932290854,0.556001730162805,0.4267235470480608,0.0027771886532732136,1992.285836521291,3.2242068493180223,0.6890492737931533,1.36893635660273,5.851211013117636,2.010096768000861,0.9489679455748994,1.7102965836898472,1.0992899065197026,1.1153665349676114,1.1756411368192534,1.3731833775005617,2.7845415536119824,1.7778512601185408,3.3712644286196856,0.05106238912726606,2001.4775989803363,1.0115678060220867,0.0009603351511233419,0.048683137616272486,0.43334453999413763,0.4585864752184363,0.40218228359677993,0.23917859338375136,0.7839957349155903,0.34117008546219574,0.8,0.6730948846608115,1989.4911977088193,0.1191582901973173,14.455309685323732,0.07650418838953071,20.77701249232507,0.82,0.35608587906945743,1999.6352203858362,1.8311539899120022,0.00029394841063281804,14,88.17584617756206,7896,Simulation_ACCRVLP8
41,0.002813566094906766,0.5921070255885388,0.42717352584434387,0.0023885532662041736,1993.409913713275,3.2537350108566767,0.7799324090463365,1.184170963824648,5.191501310610567,2.006587580482769,0.9160417103314704,1.7490377654057188,1.0645598286800932,1.0918191730646325,1.1163789596638523,1.260610497484516,2.708454309683865,1.8107385399173672,3.3360657713667576,0.08055375770287025,2001.6708781297036,1.0984107584256224,0.001,0.07719112716784929,0.41937839651783504,0.4904174001221359,0.44728705037272626,0.22345241824930334,0.7998895404777664,0.315880042758431,0.8,0.665020478493259,1989.0043238503026,0.1606832673621236,14.0,0.08532665996422571,20.9729579439538,0.82,0.3979195044152155,1999.2210428910028,1.9888640516546725,0.00039815894685680983,14,88.1745687219263,56232,Simulation_CFCAU3B1
42,0.0026651205580421134,0.49411494298990605,0.39496301050294885,0.0022662299735856065,1992.4046271223847,3.1798064140958777,0.6294027391562323,1.1506497113778131,5.301124484299351,1.912765727942138,0.9681450098265167,1.7205578190000703,1.1410399427508202,1.0793755898052122,1.1853113774629362,1.2677807571043187,3.042236558944287,1.6345869685925178,2.991841113353619,0.13702964327784523,1999.4388191158127,1.2932027921985518,0.0008743264925258914,0.11759792386527379,0.34781902050673114,0.501158517891421,0.5186047586833954,0.24764392992583809,0.8438513431487195,0.38524376012137806,0.6883843261194554,0.7809051210592322,1990.0,0.1547231950685412,14.189761319970355,0.10745236528708264,21.0,0.8078454786403826,0.24892383463013298,1999.4297459475501,2.140051603077873,0.000326889011449033,11,88.17263585961234,57333,Simulation_HYYAVPHG
43,0.002782273405762447,0.5312994011673952,0.3871551761260363,0.0026132972710612933,1993.6392443261539,3.1900313566202954,0.6940103407459479,1.1047945979446767,5.433973820449456,1.8446944881659149,0.9106767073558909,1.7598655027521053,1.0427894556265842,1.1223361337650328,1.0245273180539523,1.1103668822557557,2.915609207776413,1.8225824756389706,2.9840854331866242,0.07982134402738754,1999.1659850402345,1.1928290428993575,0.000903283359927473,0.04644379426151603,0.3570804022225873,0.4657698321249933,0.42541974318191306,0.25,0.7097315517156151,0.3579165507931339,0.768838350256071,0.6775231990342548,1990.0,0.1,14.0,0.08266542109589155,21.0,0.8185689171497054,0.300671105460026,1999.1043592560604,2.281977715330008,0.0003887249081388742,12,88.17176838502635,63991,Simulation_6WKFCAMK
44,0.0026211117128698593,0.5579886615211362,0.41807620467089174,0.002492611769522316,1993.3565549562056,3.2775276977558794,0.7034973460739299,1.3823270882700354,5.452588748354719,1.8237464554316265,0.8876081952750152,1.7061833391017536,1.0634270811458881,1.000877881852105,1.1924768953998728,1.2975207184771633,2.8036014195277734,1.7728589893405835,3.067486427880805,0.08204466586277256,1999.8628551208092,1.0365210179259767,0.001,0.012928560126848433,0.3874462733819806,0.5425602817524653,0.5110406382108553,0.25,0.7418552468897442,0.3492275162615082,0.8,0.6931076809293807,1990.0,0.12498493737507745,14.0,0.08176059718928544,20.5688864964585,0.7996774773071158,0.43100857577013274,1999.491068944777,2.0733230477396902,0.00039429383969143557,14,88.1707328411333,15893,Simulation_0D3IGQKZ
45,0.0027523108804173805,0.5279986003341279,0.42912942171372986,0.0025434438184534828,1993.080050083992,3.1972850395222228,0.7690526677791345,1.3399362734521192,4.928113644882245,1.9327749668078906,0.9789207715078543,1.8027377799984179,1.0532036265709903,1.2437027774425695,1.2215383443258727,1.3613220693250614,2.8367710017412078,1.6939989596819487,3.047823136635739,0.05900977072142472,2001.664777765674,1.0,0.0009498515015156052,0.01310502538320649,0.32557833662328156,0.46183647230942443,0.4600121231188108,0.2374267110333448,0.7957865259044153,0.3524388074646236,0.7782010844682942,0.6547560887580863,1989.8374727049838,0.1517777858738796,14.150869887326422,0.06424378304658604,20.208226483422468,0.82,0.3454645183919026,1998.1257702383002,2.010260989539793,0.00037733209676310087,15,88.17069005065754,34840,Simulation_D6BLDX7D
46,0.002636638340764302,0.6036557896250371,0.4012353919156726,0.002572987323425979,1992.897087881947,3.2905854877772067,0.6634191335762933,1.2665923703762756,5.3233309408152625,1.8170763605323592,0.8250285540039665,1.770348484820439,1.0989741131806952,1.1766291800494368,1.0422264136983506,1.2445400722033593,2.603776218253129,1.8593610977969597,3.0954258009753604,0.06499520483217208,1998.4809707268105,1.0370267029377807,0.0009146295010226663,0.055705685673636124,0.34505497735336244,0.4380623411168945,0.47871440679832283,0.25,0.8003869156166519,0.3903285760975415,0.7898966543806294,0.6759558934043888,1989.9961648755543,0.1194775480454116,14.0,0.08374691359174037,20.80540018023691,0.8178841514630114,0.2584902369393594,1999.862862365088,2.3033681092892073,0.0003414157929663149,12,88.1688981869929,36868,Simulation_93HSQ4IQ
47,0.0027836474273764795,0.5951313677290808,0.39819433958422384,0.001982809055318852,1991.9525479480503,3.072911593791018,0.7800260793084635,1.0648618904358294,5.201504646912972,1.9392153277363342,0.9009689000549814,1.6788243179035185,1.2328186350768897,1.1305819381918614,1.0097829129628246,1.1701639260958536,2.8120373449419436,1.7106918196866718,2.8875537701530165,0.05,2000.5959881588326,1.0,0.0009700481598329364,0.0589420195200181,0.4231736381881055,0.5176568904728048,0.5121078489139003,0.24089831266022754,0.8009685445890324,0.36671620126354787,0.8,0.711021684130307,1989.0924944948547,0.15048365169777309,14.0,0.08967909404621148,21.0,0.8183792382137529,0.2916085291819539,1999.8445125501066,2.200043594821946,0.0004214109230904936,13,88.16462389946956,3512,Simulation_NH8PJA8V
48,0.002817235846868028,0.5742555946190261,0.39639175961874373,0.002459318107845088,1992.39691131911,3.188035313334058,0.6591284768076275,1.1086182676031766,5.1658294624585235,1.872220753570938,0.8234137078856655,1.6989387464597638,1.0227157311611712,1.2446878609508774,0.9664367315853641,1.041635572499471,2.7297738938065015,1.7267911839849337,2.948717349558954,0.062171137774793606,1999.3243414310393,1.0638410733887538,0.0008987196761227013,0.12199725360294841,0.3594300169416812,0.5249054512254739,0.46412819362483443,0.24677844150325298,0.7664993540070335,0.39313583965962856,0.6871471216757277,0.6385342122396821,1990.0,0.1151599188860678,14.206750251234856,0.10123594006704795,21.0,0.805155755721325,0.2645983357679909,1999.126935671293,2.2812707028465558,0.00027492896119484563,12,88.15907792530325,50027,Simulation_JMFR2CQ9
49,0.002764239993017775,0.5576214757505622,0.4285267161118744,0.002258578785096588,1993.2654836127897,3.0927712601967903,0.6995973970919497,1.2165612116803604,5.490497376828014,1.856577127385805,0.9137194392830272,1.7688533517745062,1.1610703637463573,1.1470204859963848,1.1566496101755266,1.3080125064420118,2.878298417271754,1.8588111245070738,3.223866631200722,0.0856484390121385,2002.1965951802733,1.1054629974355998,0.001,0.0669801719980097,0.4028329907681064,0.5191809362317317,0.40592940519728016,0.25,0.7671113143674454,0.3711195620757293,0.7686121424658418,0.6508387945795855,1990.0,0.1,14.0,0.06912112134664486,20.14661087448617,0.7967141193307279,0.40537305686769276,1999.439710619326,1.9459225920260474,0.00029289088018025563,14,88.15196200154692,27345,Simulation_B85V31I3
50,0.002776049999051693,0.5591536769124688,0.4378890667127693,0.0025093810593893214,1993.5559324169776,3.281524379567052,0.6856575999398794,1.5238264772236532,5.3842488511334965,1.8477908923431783,1.0206188921948427,1.800185475399308,1.000392887921349,1.0964618137741553,1.1087482883150561,1.2502300709530947,2.718897832807824,1.8170567665942747,3.256030235067184,0.06176494494169234,2000.9358237530244,1.326482756311802,0.0009867524512591089,0.06848320450768436,0.43491180870933577,0.48910932279268815,0.4758392865114163,0.25,0.8365057510033584,0.3445393448850169,0.8,0.6685841487206567,1989.6740456983907,0.14138662926843454,14.041082143729389,0.07504366777236711,20.720204982933,0.82,0.34093977130386166,1999.5594170177571,1.9746272293208367,0.0003117607951947495,14,88.15025863460785,21147,Simulation_909TRMX2
51,0.0025533371611311355,0.4674873171730939,0.42444907181520475,0.0012535892961824074,1993.110841616496,3.1365190120277036,0.6943692731679367,1.587637078546696,5.3914358670347005,1.5419324065181135,0.9,1.5904235714706467,0.9,0.9539101600466627,0.9,1.3618814597889102,3.0,1.662222266574826,2.906016976853517,0.1,1999.9046849281922,1.9321325511848615,0.0009969978761025225,0.07869770893323473,0.4927692056434495,0.5990753118559253,0.4650657707614679,0.232633596016725,0.7253850224401343,0.34215343957828326,0.7941545274413334,0.6957802180333988,1988.8042280640814,0.150792279046503,14.06030546823972,0.10209873068347053,21.0,0.8,0.2711829840882342,1997.099176870574,2.648912282952291,0.0005368036186576819,7,88.15007787606677,8333,Simulation_KMZJBJAJ
52,0.0027846053608553667,0.5727813030500801,0.4291904506157842,0.002127136093952066,1992.8859475828428,3.3330112032045207,0.7180420275213565,1.5156679980005408,5.510271156805904,1.8094722138275257,0.9414114471663566,1.8159407156802603,1.008796074721635,1.1230342013324186,1.1021089170622151,1.2019229230583786,2.8247414662079824,1.8374993998459703,3.2480560677331063,0.10566247985944882,2001.5928067000739,1.0968774689919667,0.0009230428049500627,0.09563576540122778,0.3603630756099793,0.4886143794157084,0.4876184065049347,0.2412951661599178,0.7916163364106018,0.34826110581588315,0.7833107682218746,0.657116433019893,1990.0,0.16628419174564413,14.0,0.0895774476676857,20.192333152273058,0.8197771885534987,0.4030564203631893,1998.220775351905,2.1969937997121423,0.0003246161275758798,14,88.14594250236998,11443,Simulation_D1RS21IL
53,0.0028101290698081057,0.5744032621162943,0.3988668154001739,0.002345117842967714,1993.2720091545505,3.152851295136931,0.6997727660623557,1.0,5.189424671611937,1.8120976637875597,0.9479654399572865,1.7342316925883352,1.1334575086135295,1.1252295420598004,1.0708269625625904,1.189739539815806,2.759626956351917,1.750710494693089,3.0158365366224245,0.07429119420057828,2000.5507220717202,1.1160144186511871,0.0009407371305856753,0.09641357588121985,0.3921756090238741,0.4924582976988644,0.45727216277243327,0.23789528908517477,0.7931308171656481,0.375457940273056,0.8,0.6790749513581543,1990.0,0.13508856885560452,14.0,0.08580230665840316,21.0,0.82,0.31568866839455656,1999.647239788206,2.0312936508034327,0.0004052171056932196,13,88.14404965805349,32755,Simulation_1HXS1G30
54,0.0029586547364509595,0.5817771950281192,0.42765763758725545,0.001899143934926564,1993.5341545121626,3.2415305254283924,0.7739370857701272,1.2096204661955274,4.854276253366748,1.8635399068592116,1.1006336076217893,1.8374046048091714,1.1820311828434173,1.050510246135472,1.2341713166057444,1.3310480316047784,2.8648802131638202,1.8387116258974745,3.1799544868640464,0.07167067004083108,2000.7965790878766,1.0751104123105784,0.0009265054012542619,0.04212316000821449,0.40159086195731286,0.47948872834224315,0.49267208442416277,0.25,0.8397377936749604,0.34484155855111653,0.8,0.7072878209052583,1990.0,0.11181826628490102,14.0,0.06709055167226798,20.732964741482075,0.8020899619372874,0.398587262045641,1998.3621921789124,1.838467109834627,0.0003520925289065465,14,88.1435956696266,47739,Simulation_21FO6PCE
55,0.0028125423516700003,0.5687505313079736,0.4393241429533114,0.002594561342928013,1992.8692467591693,3.0877849740592636,0.7193998580996555,1.4410611453695341,5.335966430642388,1.9739869780387227,0.878414216887123,1.8352798249626168,1.0693220426448033,1.1497492559610665,1.0910163556456223,1.310056012007035,2.6127555776017357,1.8120492230343217,3.205466637593301,0.061004155596131315,2000.1096102919767,1.0,0.0009597953701069514,0.08723701035071549,0.4119409897144657,0.5291945057788845,0.43061483968166375,0.25,0.8554957525092037,0.3678375164683966,0.7579786454728316,0.7153242049154738,1990.0,0.15973777942230996,14.0,0.07182214574822052,20.541693059492268,0.7950074287687006,0.3615171823598593,1998.3751314673038,2.160561967080344,0.00026889537617341534,14,88.1428395873965,32133,Simulation_R19UWTI4
56,0.00279979826018904,0.517358261331488,0.44002515914628887,0.0027069879954631335,1992.697868314092,3.164176098771686,0.8458436393503517,1.0,5.275688047602813,1.9245914162936215,0.8870838845094172,1.785545984401826,1.1316093494513118,1.050140348750735,1.1869949239547017,1.2414285664203362,2.921333010391587,1.8009467757559774,3.470987511197022,0.05,2000.8679489520887,1.1011745916812514,0.001,0.06002519193386075,0.4323523276262621,0.4433811437769312,0.46484047668551776,0.24798504763592263,0.8085453627220978,0.3379883980999017,0.8,0.674945057928975,1988.5430012619904,0.163853141562948,14.0,0.07941877160651616,20.53543082263031,0.7962440468504142,0.38814011526461795,1999.1197346371875,2.1987731022391275,0.00029666639650134034,14,88.14193186878308,38089,Simulation_KLC2YRAK
57,0.0026909699892981686,0.5426045010212901,0.44550007825503474,0.002307902598182381,1992.1573849409622,3.435719432693354,0.7542546793343201,1.1198313124928676,5.0598507460007,1.8575329305685127,0.9147404550381396,1.773062395152858,1.0636680705575265,1.1045862748630988,1.209729044709938,1.2102574287693482,2.708866366975893,1.7263108336866095,3.109817535950696,0.07347593225919252,2001.0366956281841,1.057084401863954,0.0009726343560225517,0.06547114281604381,0.37625358312786106,0.5083134444045689,0.46459098913941027,0.22918601553957418,0.7744718546830802,0.4286056940943087,0.7892265042343539,0.6855246817462317,1988.887259382313,0.13258406575136295,14.485399611114891,0.08150761547401386,20.437541552008003,0.8127882337426786,0.3456953848189126,1999.1646494684803,1.6460084014930645,0.0003273823795260049,15,88.13833289390934,13801,Simulation_OPKL9E3O
58,0.0028031633368331248,0.5718755112746621,0.3794330466702026,0.0027477816617869277,1992.5451834266132,3.1608575668911376,0.6933684287754812,1.0,5.433540012250203,1.7585133772599448,0.9748044698456907,1.778280729662891,1.0713325805411218,1.1062145124008627,1.0432336655336156,1.2420301924318258,2.6897682561377123,1.7172987464547176,3.102852132700635,0.07923074311406682,1999.4452449466255,1.2970764610116994,0.0009256953353317282,0.09249002841490613,0.3568884893915478,0.5406704190258821,0.46026900361812756,0.25,0.749316022688963,0.3748696983104583,0.7474817882973379,0.6837520441805702,1989.8343621591016,0.11463673636403593,14.279538395812141,0.09079025957314266,20.917845046496826,0.82,0.24557561181063806,2000.0,2.6984102122281253,0.00022811260636240298,12,88.13726880020664,63994,Simulation_3G2W5ASE
59,0.0026982800990290826,0.5581245509721162,0.4401342495383364,0.0025521406249277914,1993.0658533731246,3.2379376178265646,0.7740801218555362,1.4440235535656039,5.091407489985384,1.905190967358976,0.9117798596329656,1.7651003444112021,1.0480666301253023,1.1995161877694285,1.1384697091594334,1.2878681583576197,2.8361451576180152,1.732044886802144,3.088464684187442,0.0683357257685754,2001.6372234909484,1.0,0.001,0.037171929741431006,0.34944925852071235,0.4987299550644098,0.5067394279726005,0.23430845634826836,0.7612591490489703,0.34627643388967627,0.7819035720097851,0.6849349882009417,1989.5565876586118,0.13108082117667005,14.0,0.07717133324645756,20.063106937892996,0.8165323330058316,0.37487787205260226,1998.9881789866781,1.9962207243115935,0.0003172313587833032,15,88.13667424899728,47133,Simulation_FRWCML4I
60,0.002766165842897059,0.5537550917399584,0.41775412027869874,0.0023990411414265963,1993.0274790370927,3.2711230725258065,0.8255502278068194,1.3394992929731548,5.028429571725997,1.8187548621823475,0.8321991548330266,1.715719031837354,1.0774212736645845,1.2816259317507368,1.2563350939717575,1.2770578666693473,2.942617189771533,1.7492566641569645,3.3107640463492607,0.06335700623372323,2000.8217958613704,1.0,0.001,0.024872725817618735,0.36780650368498935,0.5011793485691848,0.4580493438900187,0.23781277337693746,0.8042572340558527,0.3475429522403076,0.7822400879588853,0.6849251324496168,1989.549165594637,0.1230816445535318,14.0,0.07269540277709564,19.812901185512406,0.82,0.28812652631744307,1999.0369271178133,2.159624373642119,0.0002765592810571908,15,88.13386228281531,13902,Simulation_G8RS97FV
61,0.0029152085407392948,0.5586553971278795,0.4247817253928733,0.00216353768891099,1993.333866087088,3.177159942226543,0.8038232325711693,1.469342596763746,5.43730195062759,1.9011839919612665,1.0956575880004455,1.8272002325144525,1.0144701813589305,1.10435735616498,1.0520328377603678,1.2883642378440419,2.9380818958705217,1.83545622026634,3.16197348086666,0.10005846940677234,1999.6684816904292,1.129745378119827,0.001,0.05035714834858229,0.38692730453141494,0.554796978383584,0.46226710325834824,0.25,0.7701465651531452,0.3170884344508984,0.7581544650184158,0.7110489871113792,1989.1281782680494,0.1305015144427389,14.239795201046222,0.07934180255139292,20.59450533981774,0.82,0.3536857782478595,1999.4075177152833,1.9865787954518854,0.00026576848514874506,14,88.13264021779582,8203,Simulation_FT3Q7ZQ6
62,0.0027729337706131943,0.5729066592363532,0.42010885943470544,0.0025187360834310526,1993.2429583169405,3.2280024790849833,0.6719274798156346,1.1141827197980723,5.085314552170911,1.887035227911766,0.9759547879376728,1.7394091091733088,1.0828995297658481,1.0769307922667286,1.0539238901263461,1.237946841339456,2.747703815337339,1.7229578546555562,3.2400229608672366,0.09108604806666298,2000.4498371132224,1.0,0.0008766923515890495,0.11368616475227769,0.392315524296243,0.49297981992122103,0.4994795711377683,0.23632738018732405,0.7970395300622702,0.35727395093438197,0.7917433687494561,0.6505709766080211,1989.5969238425241,0.1320536209504965,14.0,0.08973977475133368,21.0,0.8009529167599709,0.3443012611892462,1999.9709913792917,2.1484839202527017,0.00026663862040335996,13,88.13110530509685,58292,Simulation_DZHD10O9
63,0.0028242913184712724,0.5371471730042752,0.438708052883617,0.0024015690292624216,1992.992999211865,3.2621651815772146,0.7649754949564014,1.125712475002373,5.606567010378086,1.933583412810148,0.9504955873134565,1.8960918821078607,0.9762673175264149,1.0949506805733633,1.141065632969556,1.2982583600364324,2.825563864576022,1.760926584595705,3.143950887978932,0.05590549736971781,2001.5595592947761,1.0,0.0008821518075860688,0.05979631238537988,0.41895540196666564,0.5457031872598619,0.4417003768911334,0.25,0.8146624241860491,0.3686294966263666,0.8,0.7021040176663516,1990.0,0.1541079910207495,14.303226859906191,0.08331587061345005,21.0,0.82,0.39593088106504565,1998.2526724326235,1.907358667075461,0.00038432452219758765,14,88.13070157758489,62496,Simulation_FBN3KTY3
64,0.0026783777542509456,0.5209634634478351,0.385875688561512,0.002298521547382747,1993.4548124375117,3.11558190348914,0.7711100783932762,1.0,5.064195820916639,1.840181797463756,0.8727595861069801,1.7693757968345583,1.1194552554340371,1.06287360244138,1.061500197723333,1.2376828628708654,2.7922779094298593,1.8148497880425938,2.968686972394078,0.08345699955500495,2000.717334069556,1.0,0.0009455783513061869,0.07202143691339741,0.3655265714208126,0.5267969013762104,0.44993099606347065,0.24263721058723897,0.7887116690453924,0.38486016784541593,0.8,0.6871193891221453,1989.670396832895,0.13314233396484343,14.04639044327013,0.0572907899520458,21.0,0.8116356620648053,0.3358124920818635,1999.1129217129612,2.0948928329386143,0.0004839900953220966,13,88.1299748459581,44467,Simulation_1PJSDP7M
65,0.0027950136200900473,0.5950243414107322,0.4334263629555335,0.0024680244796078687,1993.5132494900572,3.3146191272947516,0.8185171848672608,1.0260856953092845,5.467038175479285,1.9203417220083185,1.0082775292833086,1.7853993096057432,1.2382964963205305,1.097954475210186,1.1389498429267864,1.219662898710628,2.823781193426861,1.8373618824104019,3.2606239529378924,0.09070854845392681,2000.2992029841846,1.3678315234691958,0.0009145944985004597,0.030996543316821033,0.41000584676590435,0.4874658879183144,0.47207182621004756,0.24284194308804205,0.7270809534459785,0.3342416528410871,0.7946750026310113,0.6467099974228775,1989.956601532606,0.17591082960692692,14.0,0.06964993543884153,20.330465272791965,0.798376568961956,0.4159972930697843,1999.2337316761702,2.1358688372065684,0.00032866204202382953,14,88.128611370145,1544,Simulation_18YWL8EL
66,0.0026471593313523263,0.5717972287062139,0.409560445892679,0.0022619702436997404,1992.7129842846668,3.026265000287206,0.7854913866415008,1.1290230872602,5.263246327616874,1.853443587330336,0.7876028670394029,1.7817976123478494,1.0467252497326267,1.1640600468250841,1.0787864724245517,1.1460730882268568,2.874954639409672,1.6363658885906485,3.0362844400298354,0.12279117875809903,1998.3827236376048,1.1482146602223264,0.0009027477898977842,0.07275239155913796,0.34461310627217234,0.41731119853032544,0.5313322848518455,0.23543096282791334,0.7931628391887338,0.4040934388655116,0.7368617005064233,0.7233207347763843,1990.0,0.15390060528324145,14.0,0.11812883959097238,20.950944209192134,0.8119746314321487,0.3178921110224912,1999.8355839838066,1.9378436596904236,0.0003518084424698971,11,88.12808498722286,1776,Simulation_CNPL14IS
67,0.0027596346186272644,0.564128128076777,0.4279580443988117,0.0020103183336313227,1993.9074356933147,3.2424861499340105,0.7381412021841097,1.371794950755346,5.137556425448797,1.9424827993213427,1.0459604969615341,1.7198214415283037,1.0577438580857914,1.109261618156944,1.1982512599498356,1.3021319541575331,2.920107035932421,1.7774806809666577,3.1257547659345413,0.05,2000.6081107557793,1.0,0.001,0.09726035715815537,0.41584860855793393,0.49227080304887033,0.4754394080073651,0.24317570321691367,0.7669424148383015,0.403583298264902,0.7623226348430157,0.6895711787735904,1990.0,0.17603971251185227,14.0,0.06916904163801066,21.0,0.801281003461849,0.337619749075023,1998.3111161021109,2.1412471071420542,0.0003349090339432031,14,88.12784150566543,30585,Simulation_27V8ZP5O
68,0.0028073041283335075,0.556905596777075,0.42540730153248163,0.0022559314201188547,1993.5253389352547,3.1830538603490606,0.858262684421104,1.2131023761938755,5.161703628484947,1.936536666702523,0.9409624551897128,1.7518409468704423,1.0795259653769163,1.1633234512456239,1.2571520240816858,1.4271871484527572,2.9532523741048324,1.788595871194394,3.0721916476013034,0.060147198820737,2001.1993691572193,1.0629427118427093,0.001,0.02471632348304488,0.37324958140499476,0.46494337928800594,0.4830517313065166,0.24772418875520832,0.7616348834033748,0.350877912597236,0.7692593442402833,0.6510523403847677,1989.5947317190537,0.12770231224841755,14.0,0.08490850691648341,20.84091974343567,0.8080347410627102,0.3002286976784855,1998.6022542359453,1.7623309841660433,0.00026776183726206826,15,88.12745715684996,48177,Simulation_PDRYJYU6
69,0.0027482791620635286,0.5405841275258797,0.44108169030739514,0.002541089885792634,1993.088091856933,3.1120538086447023,0.7483560119391494,1.2989735326070035,5.1115489369885,1.8612777639391858,0.9947814792433802,1.7103844916101016,1.1080393551433447,1.1330818364481954,1.0530283318344913,1.2967773634329438,2.671417324994212,1.7995716221720217,3.221969448958086,0.07327058633013951,2000.717466833103,1.0,0.0009615572080903783,0.053907418539314196,0.42380615645561587,0.48871900799474877,0.43403213663305457,0.25,0.7624523726259783,0.3183717025351923,0.7613719796540019,0.6375335981350324,1989.186425069186,0.14051864133367759,14.169853862621805,0.07264810648998371,21.0,0.82,0.30020244034021737,2000.0,2.2087876911196633,0.00034253298882686294,14,88.12644389009053,6878,Simulation_FS7V3U5C
70,0.0027694329391546864,0.5661856517372198,0.4280680844081231,0.0021884010424620516,1993.0599169203392,3.0518840015150324,0.7093390354860835,1.0239367522027978,5.421686052620232,1.8786813925472823,0.9929877811485741,1.8260017457497617,1.0238437876612305,1.1584369716317322,1.191500645658567,1.2445906117563084,2.7981743277400555,1.781447931921175,3.1848245333822254,0.05,2001.6066302794823,1.0,0.0009127350812305361,0.05003482575203994,0.408351028194229,0.5230351141891775,0.47282667263176975,0.25,0.7485973654943738,0.3400477114569861,0.7340689545966991,0.6617434704617825,1990.0,0.11996562358624781,14.337339530996099,0.0819988804814476,20.43240561841789,0.82,0.33327262415316933,1999.6404841177803,1.8003373444822857,0.00040719765171516207,14,88.1261575128978,14388,Simulation_6L6O322L
71,0.00275521111038353,0.6023537178323998,0.42510896775868273,0.0023255984564127716,1993.1851732167088,3.1049907183182355,0.80563697654902,1.0,5.175758321696408,1.7588999472089366,0.9185918784793723,1.7757239936591156,1.1146039999384667,1.0125155073749055,1.08468905475152,1.1051668318483476,2.877034108660853,1.6060935150203526,2.918557126395115,0.05796326437899273,2000.2263850190834,1.1990890045945588,0.0009840688911267827,0.07292203407242609,0.36209397063776333,0.4710693704496492,0.4404208578586317,0.23463272362170162,0.7631788680221047,0.37420952244925076,0.8,0.6341240613102747,1989.530418793815,0.152839052285551,14.0,0.07934461406761804,21.0,0.8182855753201445,0.27776989515965544,2000.0,1.9504059664143574,0.0004253795026987678,13,88.1239986281333,6239,Simulation_DYDVYIU9
72,0.002546023496165776,0.5669188514183054,0.46137806159643335,0.002852668206774922,1992.690367126216,3.334134333277374,0.8125742376375495,1.0680455812259178,5.215236330095854,1.9246948261617298,0.936674549722594,1.7592742647005408,1.1076151816682054,1.201362460813354,1.0484580752595947,1.3053047649820912,2.8090466270623358,1.7537516064833962,3.142082260377992,0.05589732778552446,2001.6007865852068,1.0,0.0009456984612976238,0.0063656112385574865,0.33820524174218924,0.48371365928164073,0.5134189665632028,0.20615582440500518,0.7715922585856164,0.3911941118276694,0.8,0.6449759856300575,1989.9320055450116,0.1,14.0,0.09526967549853868,20.42464205463286,0.8074263542054343,0.42706534883978564,1999.3100866406703,2.3272564832570137,0.0003320890220852913,15,88.12226615666108,22365,Simulation_GXJ5W5FC
73,0.0028988320712638608,0.5677386019507916,0.3939243117011775,0.0024488529860312003,1992.819336523716,3.256315208098274,0.7239385931146325,1.0997632677434355,5.515645845310045,1.7678102232906283,0.75,1.7031026812038357,1.0585643179064792,1.1701297695667248,1.024767044417045,1.237333126954561,2.76032528053062,1.6893703345487496,3.17627403056886,0.10628961417657248,1999.9112122186896,1.3165497926265675,0.0009331029199869111,0.09548137205982944,0.3876485392414834,0.4359627419606524,0.41202328242832303,0.223570506021187,0.7844370361331872,0.3570274103026529,0.7452458453288131,0.695502185641121,1990.0,0.10712177750791982,14.473354335968475,0.07937599341585042,20.581638818923174,0.8179613878835136,0.2781613441349654,1999.8209047824423,2.4041525237863395,0.00040045567153869604,12,88.12225484670225,20949,Simulation_NEA8FHUE
74,0.002808125937757564,0.5264738043318641,0.412054638109675,0.00277550031970526,1993.5351625560131,3.0745916764229126,0.6679881238078388,1.0,5.7608450800421895,1.7686125904810857,0.8087310724101471,1.6526345135765785,1.117251506149059,1.3023041530778998,1.1741175463757028,1.159587599394101,2.7301506003639493,1.744463456766394,3.228363762124928,0.09549979909409152,1999.9783762949287,1.1614130464274544,0.0009221641653529625,0.08332709211761102,0.37954716090103746,0.4692749034687085,0.41707113064018997,0.25,0.7435152601263468,0.3584324674422851,0.7745222202191665,0.7764861210812497,1989.8258879066473,0.15131796636650477,14.0,0.09383058746199022,20.800827611180438,0.82,0.266756482129942,1998.9893384569204,1.9833401870220044,0.0004071100166503949,12,88.12205991255645,4697,Simulation_ACS52C6L
75,0.0026412324558532864,0.5909507207386111,0.44493269404374886,0.002554626753429683,1993.3907384344402,3.16063789413272,0.8078524408450488,1.0,4.855954360874209,1.8818104407565017,1.0011578722636985,1.8514128106534986,1.0734009834844032,1.1926269580563715,1.1017404998515288,1.3508260797334817,2.898702901249117,1.7244153488970881,3.1487653508453266,0.07433627108251811,2002.0251606844677,1.0,0.000955313939366515,0.016631476056830345,0.2795957907740479,0.5439949384254921,0.5430393838090678,0.25,0.7955573676944994,0.3410868761177032,0.8,0.6693425222975048,1989.3732907692113,0.11473189085071317,14.149660602902575,0.0916739511029855,19.927681239076232,0.7994842830723243,0.35687229859016484,2000.0,2.0034087155811147,0.00033552972528074556,15,88.12054599285544,29474,Simulation_HY8TE9UX
76,0.0028364397830536164,0.5120670451213758,0.41732600181821944,0.002400611987020552,1992.396795766678,3.155849741392042,0.7607240037778299,1.1011154426058225,5.58905437507366,1.8772926609443865,0.9368849506583498,1.7514860269924333,1.1220725788086192,1.0917325047298703,1.207268421382014,1.110931087726837,2.927111979058354,1.5830951687325885,2.8980260457406537,0.0929458795363793,1998.2167452836152,1.0,0.0008865465949561751,0.10869109459515723,0.3695873176292176,0.4681630675525747,0.47947291113254265,0.23865309910488838,0.835972435650163,0.42528298637633294,0.7413864747344762,0.7626060529155791,1990.0,0.17985303695983423,14.0,0.11901337545452177,21.0,0.7955591795015247,0.3203905955638099,1999.7420066238403,2.290227836832672,0.00030433870554567714,11,88.11993476390928,5505,Simulation_RCHBUNYC
77,0.002747907835619597,0.5798933634703594,0.38898520537645775,0.0026635999758840693,1993.3749756282505,3.086367866151117,0.6806164157624489,1.097882036689523,5.539201636415342,1.7260735141727561,0.860274769540507,1.723317309436205,1.011714861488329,1.3426220396898478,1.050814541206933,1.1347464082017145,2.707595712856265,1.6428638537939402,3.1558999996596913,0.11065728133263825,2000.3972123910057,1.0254483885214538,0.0009372971570355182,0.048101504817116975,0.34801467967748223,0.5190667022567135,0.47854424650514105,0.2448127064893569,0.692009085783394,0.31707701189266563,0.7541917823379458,0.7198675152222603,1990.0,0.137859146728968,14.187514248664794,0.0851218265730023,20.61848197646234,0.7986929244569253,0.25424384557785445,2000.0,2.032741131685783,0.00033293255590143304,12,88.118610692957,21588,Simulation_6RTZNFGA
78,0.002651558106215241,0.5646840406100969,0.44523472412003645,0.002985368273233266,1993.0147670026254,3.2881627164231086,0.8710431144071611,1.4086721032677794,5.083545110717706,1.9151399979202597,0.9781775010914846,1.838447423095135,1.1686235261736444,1.1579942762894955,1.115227267012575,1.2852087539618158,2.862225860344535,1.8260676679742374,3.0317049931542255,0.061052120586923525,2000.6442917425115,1.0796361986042422,0.0009628641905835671,0.051348288983335016,0.30604860036455434,0.46891187074339774,0.5438736146888475,0.23804805524730963,0.7881855401233288,0.3702706273422421,0.7283057319849658,0.6482325170867141,1989.9759153443977,0.10189369253614014,14.0,0.07102234493748176,19.892588524446786,0.82,0.3321017249713376,1999.1385684871066,2.2394556682978006,0.00029235009760701636,15,88.11820168944273,17550,Simulation_1M40J89K
79,0.002886071794407387,0.546145835757623,0.4410226498217238,0.002472385955120623,1992.5944074771576,3.2857157107724846,0.6847985531768281,1.485642105907136,4.996162522126682,1.8706097880455428,0.9094179727110454,1.8106937174113424,1.0602673654781711,1.0903364334179508,1.0632554866765682,1.290796625523817,2.9692693567532626,1.84214977635736,3.2749166938791943,0.0680263749323791,2001.6203854799912,1.133772575574686,0.0008948289584905498,0.03931439878276511,0.3916000570891924,0.487018947005097,0.37290432943888757,0.22469684870639767,0.76290057088216,0.3710495280980834,0.7987356190089617,0.6896263277879559,1990.0,0.15459394349759312,14.19827022169134,0.07609062533950588,20.387682465897203,0.82,0.3575262925845465,1999.536062462619,1.8773087098427077,0.00024447696315712934,14,88.11601109081636,61007,Simulation_IXZOIP1I
80,0.0026813728924588837,0.5180206445666065,0.43626216735127754,0.0026231941212426658,1992.6733711758166,3.0893506405500735,0.7827895964535149,1.502343012269972,5.415739240953522,1.9704451304872013,0.9,1.608405679934949,0.9909393708469902,1.1305025493126142,1.092346432130173,1.244336921177692,3.0,1.6328828746641333,2.9501680397378482,0.1,1998.9727700007409,1.0,0.0008287802878910707,0.09788456492519326,0.37048680938858825,0.44480144568298424,0.5,0.2202832655593011,0.7686493104908912,0.3626813128089728,0.7052522026971187,0.7439712314241095,1989.4370100550211,0.1648492508242616,14.0,0.11186576463826511,20.695777606234095,0.756740597506145,0.29563380957444163,1999.6783799142127,2.057250043213653,0.00024690872336550476,8,88.11492625374608,40621,Simulation_7W46TUI6
81,0.0028553653636869676,0.5153375254000641,0.401592548731837,0.0021587864388721146,1992.802561210329,3.231003592285824,0.6762728425332012,1.1905352472483834,5.659795663810954,1.8869153600623112,0.9616856237889744,1.7957029820157229,0.9353518253728288,1.1594926304978685,1.0580240327935002,1.284397045720211,2.88060879732069,1.6917070647721308,2.9850556915923008,0.0839953297172112,1998.38863846198,1.1518466113132795,0.0009146578581797143,0.07661834518858401,0.40814606778790413,0.45892313537230245,0.47004299942513167,0.2126275257881314,0.7556706827023925,0.39657433180612534,0.7059108835682485,0.6919338942807882,1989.0989791066795,0.19708735452560555,14.0,0.09097850762028276,21.0,0.7976293146907389,0.271052612975904,2000.0,2.052263833095763,0.00031008945019667404,11,88.11394551089622,43853,Simulation_WA0IBD5I
82,0.002718062415764846,0.5771696845511892,0.4068504840736214,0.002552488309856542,1993.5911548800595,3.1048441871980783,0.663184497505662,1.0821716791580704,5.4102721805226155,1.884352560627588,0.9556352436865823,1.7833982059626103,1.0342476981748507,1.145772650742606,1.1022401695973114,1.1205897086616095,2.8348827703933677,1.8114078947286765,3.337868138567932,0.05219262874922365,1999.8840313793148,1.3026119004608758,0.0008820682546905861,0.0683327956108814,0.37413684640430744,0.4892267847411344,0.48400110099147,0.2499561017100628,0.7610438393761736,0.3802321273839561,0.7549600987505859,0.6453705623462045,1990.0,0.14543011880411938,14.0,0.09186101072482679,20.37797904118961,0.82,0.3056872581398575,1999.0236674531895,2.1895600676317772,0.0002846249093719355,12,88.11373180453887,39106,Simulation_8H305RS7
83,0.0029505370853900653,0.5926077271334991,0.38663083527179826,0.002417168821157808,1993.0550866232063,3.0948863439236147,0.714932769574605,1.0,5.118791231172662,1.8115932303192996,0.979538925225069,1.6496994261398612,1.0499736294043784,1.2067328767442536,1.0504640327621444,1.2763057666233653,2.7840806831129323,1.7793928136475046,3.1235991343370504,0.07189357811076466,2000.0991269353613,1.1973399643830422,0.0009002618669645946,0.09624898747469043,0.3939843438739486,0.4986864615206804,0.4907796822349688,0.25,0.7870863666481149,0.4090765437971069,0.8,0.6839194484433057,1990.0,0.14036489867551716,14.0,0.08748567506343356,20.875409919715946,0.82,0.34133553183370285,2000.0,2.243575260702911,0.0002973675798351856,13,88.11052327100171,50171,Simulation_G4KRKIR4
84,0.0028924178183569894,0.5778692176350487,0.42777925954809687,0.0022285643092037595,1993.3338151154887,3.201414116217486,0.7955186793575848,1.1307052248888947,5.24507259415745,1.7417752584808965,0.9929154860543864,1.7348694050767655,1.1075939247252586,1.1660865508992262,1.2189145324421,1.2384236984960906,2.890477856117637,1.8163864003918135,3.324394448316444,0.08104932626362234,2000.0782361399445,1.0,0.0009862189003985227,0.04776215653431257,0.41728973624624577,0.4624177093414873,0.45760538119961924,0.24470510733748566,0.8325849569477866,0.344665018146179,0.8,0.7079293228804316,1989.7308460900933,0.18518277339200562,14.110552110020611,0.07712310094177201,20.099339726563585,0.8170971827894897,0.3970312601929882,1999.2543655424236,1.9856581731839007,0.000361336996687466,14,88.10672628477327,22827,Simulation_5KP2H3QT
85,0.002998722189599974,0.614700374368333,0.42520356566628487,0.0026087705271071416,1993.7306761720401,3.478803217379568,0.8067733136568931,1.305707490144608,5.11193691785031,1.8426667611176386,0.9300262388367219,1.815933619339242,1.0259983508066024,1.1289649668301132,1.0433414125550042,1.2401468400625042,2.867330551593792,1.6580965761595539,3.1155831221580246,0.057181722914289766,2001.4623112052911,1.1733315993776106,0.0009693087577614774,0.030150216959100987,0.3781529310312313,0.4434244633054232,0.4860512204315611,0.21132026290587066,0.7971353854147037,0.2996682653336683,0.7647579365201238,0.6938289834266917,1989.1230556896783,0.15877126477059508,14.0,0.09564595754141936,20.58285664691727,0.8070334446156758,0.33090639394923643,1998.21403956313,2.0933345363175464,0.00029892149306992615,14,88.10514578060648,61053,Simulation_2MZSHRVT
86,0.0026840472934601726,0.5421752357774179,0.38662847896381863,0.002729674606127306,1993.5193061586242,3.097231796917777,0.7885251495160165,1.0,5.439330720432376,1.9024443976467433,0.8867302463447807,1.743860948676153,1.0747370488065915,1.1722749978334237,1.1236383486679076,1.1327226315044174,2.6958848410766976,1.7685745583039207,3.08290069771306,0.08369368952736024,2000.2277175960455,1.0036208154125155,0.0008174125343445279,0.09243023744504429,0.3985742612995951,0.5034960400412483,0.4214462828103962,0.24557528257941705,0.7355995029352753,0.34014647462063663,0.7206110618015751,0.7019206182091932,1990.0,0.1245762446101197,14.088440410577624,0.09992960091107779,20.751719801422762,0.7980262531863873,0.2852395865748227,1999.3667994217578,2.0633661334453377,0.0003225914939605596,12,88.1023194913552,53446,Simulation_10TUT24S
87,0.002695820194194199,0.5417596454915588,0.44303571217711957,0.0029649155838158046,1992.365381852896,3.1252950298301285,0.776140676697113,1.3401665506528082,4.739535833116527,1.919480306392685,0.8873161442440174,1.771208640098126,1.126583964680037,1.1197082539069116,1.143212664115228,1.2783765659781223,2.737342897325942,1.733379731355339,3.043276732373997,0.05,2002.3107231083109,1.2085069686954604,0.0009655504015990299,0.016929810448461417,0.35108855755945895,0.5112626443260081,0.5355656838759084,0.23675558309573919,0.713227579641143,0.3677095490116142,0.7513761212951553,0.6765665088711881,1989.5150077034455,0.13726418331139273,14.0,0.08243517243649034,20.28002559114384,0.82,0.38428130608073596,1999.1584477601737,2.1462219264327804,0.00028453819593523514,15,88.09992108310594,55375,Simulation_JHNLN31B
88,0.002855548902847617,0.5729157520545979,0.3772769060128956,0.002505605770477685,1993.5848990429142,3.0638586125368774,0.6668785948843227,1.0,5.260542401689991,1.781140505701347,0.8786130042960911,1.7413883323042059,1.0473494650601027,1.2097072781443698,0.9972787993146659,1.2459646010166832,2.8670343275776387,1.8257233386655616,3.1615574114467955,0.07174822386248336,1999.483479094045,1.2317239967454399,0.0009314296186568896,0.07091019427164796,0.32614534300838227,0.4881768151209675,0.4694672010407497,0.25,0.7649655316518699,0.4299945964423873,0.7142974712149931,0.7235530041535645,1989.5628918644766,0.14004184284152435,14.0,0.09487238946415186,21.0,0.8087547149897489,0.296100443188107,2000.0,2.454238845383907,0.0003454295562690783,12,88.09945385072052,31841,Simulation_XKXE9VKE
89,0.002929341135197954,0.48940798437817257,0.4269441528587083,0.001863109868262404,1992.1702179194458,2.938414406831517,0.7098117522268257,1.2763957735098834,5.331514420229454,1.8659046559929797,0.7896038139526639,1.6555469661851827,1.117017988213054,1.2223051389295643,1.1252346531396205,1.1775076619882616,3.020126028491094,1.6245945267005975,3.0434292445729896,0.11335658583116809,1999.6351251000826,1.2459713760501538,0.0009020972523223282,0.09903899518882782,0.4144976378243458,0.44957904151814104,0.5397135317716558,0.2110859923970576,0.8193077389873407,0.3773562155675532,0.6749150317187195,0.7079703884969186,1989.7468442586098,0.1475964157520841,14.0,0.11370746433483264,21.0,0.7869196658933717,0.2287919774057874,2000.0,2.2838799477461422,0.00029548623603568435,11,88.0953302343345,55651,Simulation_4WWPE6SA
90,0.0025357289251289267,0.5392728795297667,0.4278312705400597,0.0017759313782690445,1992.0814323572124,3.11529067221656,0.6986500469876537,1.7003355548077757,5.485136935193711,1.6793604378648288,0.9248354302261862,1.5672873921220785,0.9,1.0867465694937783,0.9,1.4094758764458055,3.0,1.556101575633642,3.0,0.1,2000.6307367954191,2.274191040894934,0.0008259229975097104,0.11649054581604937,0.43153894421563244,0.5183402691724802,0.44471870234045957,0.18917419182040363,0.8,0.4006031909237745,0.7325226063967837,0.6944862963204259,1988.894747027005,0.15673154599347983,14.433558645350443,0.09227769812251524,20.641209493035117,0.7896917318449246,0.35287742982617926,1998.4787792503191,2.4361572354924874,0.0003774884817002611,6,88.09440174449621,64489,Simulation_PVVXVHTT
91,0.0026813728924588837,0.5180206445666065,0.43626216735127754,0.0026231941212426658,1992.6733711758166,3.0893506405500735,0.7827895964535149,1.502343012269972,5.415739240953522,1.9704451304872013,0.9,1.608405679934949,0.9909393708469902,1.1305025493126142,1.092346432130173,1.244336921177692,3.0,1.6328828746641333,2.9501680397378482,0.1,1998.9727700007409,1.0,0.0008287802878910707,0.09788456492519326,0.37048680938858825,0.44480144568298424,0.5,0.2202832655593011,0.7686493104908912,0.3626813128089728,0.7052522026971187,0.7439712314241095,1989.4370100550211,0.1648492508242616,14.0,0.11186576463826511,20.695777606234095,0.756740597506145,0.29563380957444163,1999.6783799142127,2.057250043213653,0.00024690872336550476,9,88.09289277592559,3832,Simulation_9OYDJ1MQ
92,0.0028693222608253866,0.5641355322781488,0.4383341593572698,0.0023220752325297292,1993.4284472037298,3.1090515708428272,0.678118614066542,1.3298602425514834,5.372418155772122,1.9262263088753744,0.9793791312165534,1.7776203455225612,1.102144161951673,0.9865755285547525,1.1067731587536946,1.1843416816310608,2.8516321717478044,1.8393519157754838,3.126139351206236,0.06310417069924917,2000.570658563429,1.0,0.001,0.036114043182044926,0.4088527290687591,0.5238492474827511,0.45903638877895897,0.2298093876272928,0.8185006497739076,0.3932027173137628,0.7930927406876245,0.7026332402540202,1990.0,0.13955317168595302,14.183106855202235,0.08094882052091341,20.837978975922493,0.82,0.37331393366102433,1998.275113368844,1.8744997601407867,0.0002842058432215073,14,88.09253627702914,57468,Simulation_W43O2LAC
93,0.0027459953667795067,0.5582581759025124,0.4548639794839101,0.0021956348805774488,1992.6985979387891,3.1856620224291707,0.7336505591347784,1.1490767814406075,5.496015738821727,1.8940952897546546,1.068529121443458,1.8484660484678928,1.0519219095106078,1.1683224341381262,1.1632309489211863,1.144375559185357,2.8795255314579844,1.829151706633312,3.1349975312589393,0.06819215608419456,2000.1435908554693,1.0,0.0009537574778709856,0.06856058517914237,0.4192365471988297,0.5047881059072197,0.44905202095850777,0.24916892886975617,0.7768268717345844,0.3749723447701014,0.7608942606036913,0.6499739282685103,1989.5915466076603,0.17226104554188304,14.224729806011858,0.07438928799375492,21.0,0.7952424073111329,0.34788183925939586,1999.1893089671107,2.0247056335378146,0.00039073985480002327,14,88.09022073506677,35922,Simulation_WLQ7ZRX9
94,0.002707434815459636,0.5564915300859998,0.4356441253025948,0.0023874596086285046,1993.1398036951412,3.3729826346604916,0.7668523171040265,1.3524801187715532,5.54275301312709,1.9096538539628791,0.9655824012015951,1.677800626801954,1.0800946506492985,1.0033930078035727,1.0490252524971433,1.3563908174188615,3.01136350507824,1.7785129687816033,3.0121184783993207,0.05,2000.632400765223,1.2177089954214102,0.001,0.08259263823150295,0.3798477108758856,0.44413274849914725,0.5126296487439278,0.25,0.8161999548079635,0.38747873974759495,0.7290114000839405,0.6997719932308597,1989.8998909674222,0.16813117496752691,14.000574441508656,0.09606826495996357,20.61726152137224,0.82,0.42197158333579793,1998.6639324307462,1.7190758714114722,0.000353140734088539,14,88.08861147342665,25219,Simulation_96WDQEKV
95,0.0027826745437094912,0.5987461044417586,0.45129114797891723,0.002222230129808433,1993.3757323749094,3.1649860552917453,0.7997851868059789,1.4182488837877556,5.608910488613839,1.883458257660822,1.0557146457076074,1.7183624192263587,1.0401398326408502,1.1208197121527217,1.207374583292522,1.309778557849964,2.9218719654784815,1.711965701379211,3.2750652132693685,0.06249173622541673,2001.0654690949393,1.0910525916196683,0.001,0.03665588789141484,0.407872240956659,0.4855939272057357,0.5057885574426214,0.25,0.7814953354432029,0.3513947819542603,0.8,0.6958259016437579,1990.0,0.17155558409925778,14.216174401295733,0.07838916279590899,20.760686616911496,0.8114888545933782,0.370694266825943,1999.664020477363,2.01542087195148,0.00035827365966194317,14,88.08843209955847,55209,Simulation_TYI0ATXM
96,0.0027897063043079854,0.5748911240583099,0.41569959209315654,0.002394328067913684,1992.5357480730493,2.9504223657136404,0.752010934696858,1.0,5.673942250382963,1.9084347272506976,0.8900439075584459,1.8184553187833539,1.0945704442617206,1.237294836999516,1.124064509875655,1.1734347966974035,2.7081799017494417,1.780166831874875,3.183688370890339,0.0566832195439846,1998.5982393568306,1.4319702920435207,0.0009358715175669303,0.06696273833863839,0.38912815148352076,0.5164768625095281,0.4590699439849677,0.25,0.6908965567793292,0.39158866013015514,0.7552948423161852,0.7362559257522093,1988.67219750484,0.15905613012083686,14.0,0.09586731316892119,21.0,0.8185015574930168,0.31332684109395387,1999.323105421501,2.283936272740543,0.00037367761180890247,12,88.08689525506341,17744,Simulation_NBC8HEUC
97,0.0027595647621856643,0.5298947669297247,0.38396739361513854,0.0024947005966999033,1992.2228022072,3.2845152720054216,0.716779382809583,1.2158764611375221,5.565032925787103,1.8012835138522039,0.7973302840677836,1.7686400023656426,0.9165472335050752,1.1909215039017604,1.0783632406139214,1.1160001162566326,2.6054667307670645,1.7911782270785441,3.0668103324049443,0.09311265462372845,1998.466252327631,1.193274732767024,0.0009189125838076366,0.06557818742817527,0.3545283020021499,0.45654410436017145,0.44602509636375814,0.2358920260539334,0.789932009802188,0.39362073960590754,0.7154564252353844,0.7196338944147224,1988.923013097658,0.1254858959628432,14.530491179551708,0.09941719471286772,21.0,0.8109810587434171,0.3155054010753975,2000.0,2.274948850550905,0.0003909279413579761,12,88.08638813276308,40161,Simulation_SGCSRK1K
98,0.002845673833021124,0.5108721974974677,0.4113295951002509,0.0022431014629782546,1992.6588419311581,3.0951856240234865,0.7822161280981789,1.112002846829945,5.813668086609177,1.8939242022490674,0.832316086687414,1.7472858443241917,1.0484907417358644,1.2064774625198038,1.179692679868406,1.1516504696283951,2.974190962307339,1.5919100617092332,2.9869748823780977,0.09982460474371645,1998.006810851375,1.1044360693317068,0.0008248041285854394,0.10217497659884839,0.3231899787967613,0.4265383400830307,0.5170278556718783,0.21712648551205083,0.863314635924391,0.37013271248801827,0.6964694103011518,0.7396316821740354,1989.7299032235908,0.1857781494899397,14.0,0.0926421763236623,21.0,0.796773378582136,0.29821342706301884,2000.0,2.0673696539394757,0.0002821425951501545,11,88.08497175908063,29930,Simulation_GGQGSJU5
99,0.0025309462355227286,0.5503425829827499,0.4436366822430624,0.0018036564503622328,1991.958511822275,2.9810981450032026,0.8544731449802815,1.0,6.0,1.738585009819803,0.9,1.7139720275472379,0.9,0.9984176126884365,0.9191476744685787,1.2725474264251129,2.739133659375949,1.7177443441199995,3.0,0.1543732576112847,1999.1287927353878,2.1392088952860817,0.0007650007386347877,0.10885184147475997,0.4136564322032276,0.5261289109726469,0.5,0.1917507053325605,0.7681989794018516,0.37554090226028725,0.7785230860094455,0.6362324911622268,1987.4664072235432,0.17519061141924966,14.0,0.0862022865197651,21.0,0.7963075913216834,0.39427095216788005,1997.791325334441,2.4311737907096616,0.000368897459379121,8,88.0836814769131,61242,Simulation_6PLCUCBH
